<?xml version="1.0" encoding="UTF-8"?>
<feed xmlns="http://www.w3.org/2005/Atom">
 <id>urn:iweb:C7C817C4-22C3-4952-AAB5-837875ECC6FD</id>
 <title>Page list Atom feed</title>
 <updated>2009-02-18T23:44:06-05:00</updated>
 <link rel="self" href="feed.xml"/>
 <generator>iWeb</generator>
 <author>
  <name>iWeb</name>
 </author>
 <entry>
  <id>urn:iweb:8AA27B47-6B44-4D11-898F-8CE79CF0675E</id>
  <title>Sulbalcon</title>
  <title xmlns="urn:iweb:">Sulbalcon</title>
  <in-navbar xmlns="urn:iweb:">8AA27B47-6B44-4D11-898F-8CE79CF0675E</in-navbar>
  <link rel="alternate" href="Sulbalcon.html"/>
  <updated>2009-02-18T23:44:06.001-05:00</updated>
  <content>Sulbalcon</content>
 </entry>
 <entry>
  <id>urn:iweb:A9E48F09-52D0-4600-8B98-3F66D2308DB6</id>
  <title>Daniel</title>
  <title xmlns="urn:iweb:">Daniel</title>
  <in-navbar xmlns="urn:iweb:">A9E48F09-52D0-4600-8B98-3F66D2308DB6</in-navbar>
  <link rel="alternate" href="Daniel.html"/>
  <updated>2009-02-18T23:44:06.002-05:00</updated>
  <content>Daniel</content>
 </entry>
 <entry>
  <id>urn:iweb:AB0F43ED-2C0F-4480-9513-25473041C318</id>
  <title>Catou</title>
  <title xmlns="urn:iweb:">Catou</title>
  <in-navbar xmlns="urn:iweb:">AB0F43ED-2C0F-4480-9513-25473041C318</in-navbar>
  <link rel="alternate" href="Catou.html"/>
  <updated>2009-02-18T23:44:06.003-05:00</updated>
  <content>Catou</content>
 </entry>
 <entry>
  <id>urn:iweb:488E1E5E-BCFB-47AA-93E8-9AD4730A4496</id>
  <title>Jean-Guy</title>
  <title xmlns="urn:iweb:">Jean-Guy</title>
  <in-navbar xmlns="urn:iweb:">488E1E5E-BCFB-47AA-93E8-9AD4730A4496</in-navbar>
  <link rel="alternate" href="Jean-Guy.html"/>
  <updated>2009-02-18T23:44:06.004-05:00</updated>
  <content>Jean-Guy</content>
 </entry>
 <entry>
  <id>urn:iweb:32D9809A-CDEF-4EC7-B568-DF45B65A270C</id>
  <title>News Feed</title>
  <title xmlns="urn:iweb:">News Feed</title>
  <in-navbar xmlns="urn:iweb:">32D9809A-CDEF-4EC7-B568-DF45B65A270C</in-navbar>
  <link rel="alternate" href="News_Feed.html"/>
  <updated>2009-02-18T23:44:06.005-05:00</updated>
  <content>News Feed</content>
 </entry>
 <entry>
  <id>urn:iweb:12AA0D1E-C0AE-419F-9A8E-F6D6B1BDF33E</id>
  <title>iMetrical</title>
  <title xmlns="urn:iweb:">iMetrical</title>
  <in-navbar xmlns="urn:iweb:">12AA0D1E-C0AE-419F-9A8E-F6D6B1BDF33E</in-navbar>
  <link rel="alternate" href="iMetrical.html"/>
  <updated>2009-02-18T23:44:06.006-05:00</updated>
  <content>iMetrical</content>
 </entry>
</feed>